index,text_vector
id,"[0, 0, 0, 0, 0, 0, 0, 0, 0, 0, 0, 0, 0, 0, 0, 0, 0, 0, 0, 0]"
0,"[0.7716576786256863, 0.46592357778342713, 0.4644689080807356, 0.41929106137047123, 0.29857614925012926, 0.28169965932718494, 0.2306995732380528, 0.22576017850660368, 0.2455370756061954, 0.14524393983768286, 0.11584179126253594, 0.1565826445705019, 0.1460919518189723, 0.1550855098493561, 0.11973611330199097, 0.1641440599592241, 0.13050998673354028, 0.12913230589858488, 0.09934158862896343, 0.12222968947662516]"
1,"[0.7762952035382552, 0.37677026642915235, 0.3187169742349694, 0.38230968529496356, 0.28752848653050334, 0.24169628785659827, 0.2159982533839267, 0.16355240423037617, 0.17463595017937739, 0.23157571880963224, 0.17757156783500003, 0.15678287426836743, 0.1410683792385179, 0.11828713655252156, 0.11141200421995519, 0.12552744481651784, 0.14728491416171458, 0.09396764306912674, 0.1108999881720116, 0.10355578184620629]"
2,"[0.7898439686944783, 0.6181139249954556, 0.3704565488074233, 0.40322818711238484, 0.2681659170459564, 0.25196187557300526, 0.2739835156378665, 0.3043492912825536, 0.20049829509763978, 0.20211992781955251, 0.19500271604387703, 0.14988118660010433, 0.15582661416793894, 0.19261995121812878, 0.20507424705229507, 0]"
3,"[0.9270103227256417, 0.23794352476285732, 0.16544597963354496, 0.12599110954551007, 0.20889181928923797, 0.1174600087752049, 0.12337944252637237, 0.10345311223273271, 0.08049334165028701, 0.11119358161967141, 0.06718034243473396, 0.08348594207121868, 0.08861622866851843, 0.052929735393166526, 0.09748387946624827, 0.05243306807371356, 0.06964503560178353, 0.06734772765329362, 0.05262833721442653, 0.054395194958496526]"
4,"[0.8754799123239878, 0.38214776544622636, 0.1907954200894695, 0.1759680490951869, 0.1350802132207307, 0.20452116777005966, 0.15362174300637607, 0.170441838104198, 0.19188274886379203, 0.14984319128309634, 0.11602471233419677, 0.1300123451152278, 0.1142643032050997, 0.10567671262841596, 0.07327940498301896, 0.13320980360442158, 0.08286386239976927, 0.07265507301376925, 0.07182229894690995, 0.0848423941548597]"
5,"[0.8347721219175162, 0.30463810676465575, 0.3511353012313889, 0.31486454035492073, 0.17886591237938693, 0.1920615054674007, 0.15227834943343155, 0.18636807210077277, 0.1423284051135836, 0.12603979827942027, 0.15122857413453683, 0.13204487359684067, 0.13092403142911893, 0.11489081102341864, 0.13772335005024372, 0.1395281931828502, 0.11775890039993128, 0.08098220184881103, 0.10906540476342164, 0.10888702574191066]"
6,"[0.9129923172857148, 0.4089893457225463, 0.22747838905714202, 0.27401237568607195, 0.19889984767306654, 0.16401131986021045, 0.21547703577300598, 0.17475268576901754, 0.17623505285024887, 0.11001588621970823, 0.10126570968092335, 0.09956532172052054, 0.11263207694480584, 0.12111540757798225, 0.10156605508298736, 0.11228916695278282, 0.1022322448480176, 0.11316014377454171, 0.0801018862797498, 0.08557799296242201]"
7,"[0.598398045749778, 0.6671257649931718, 0.7677547815086285, 0.42310874660798414, 0.37505000123336674, 0.3418878691397547, 0.33906190634677447, 0.3265337536559781, 0.40996436788589263, 0.3813914035786208, 0, 0, 0, 0, 0, 0]"
8,"[0.9352961084564915, 0.22395820935809524, 0.20077423403596298, 0.15666353038447517, 0.08753647254942577, 0.10174922083736672, 0.10225850460895984, 0.07686727038638903, 0.05655294653127542, 0.0522282475480896, 0.06583558383876817, 0.06328836947194921, 0.07093059384866014, 0.05644450018646281, 0.05895895472103476, 0.037683362010858736, 0.04727509881821485, 0.056403066520899915, 0.05374778009985655, 0.04593507686180502]"
9,"[0, 0, 0, 0, 0, 0, 0, 0, 0, 0, 0, 0, 0, 0, 0, 0, 0, 0, 0, 0]"
10,"[0.9299182305843134, 0.294701154406248, 0.34899211797233, 0.22256881190062072, 0.24097185859316053, 0.1366413723701181, 0.11012860990032179, 0.11830791379439644, 0.11358128493467001, 0.1151542714921709, 0.09107838378198613, 0.12784901792048992, 0.1233678095854561, 0.08381963034182796, 0.07115289791792848, 0.08804307835286593, 0.08544627712085705, 0.07318912550260792, 0.0797075437483486, 0.0729019606896365]"
11,"[0.5689125137699452, 0.6153183785294346, 0.6550309402169514, 0.4892520863962611, 0.39557162748789276, 0.4038458638716532, 0.38293996683742787, 0.31154515975303965, 0.21923173391444212, 0.24092462537716958, 0.22678116008451693, 0.1948397799118071, 0.20118673175049723, 0.1399977263867156, 0.13569902644220222, 0.14141106586160693, 0.11913286906164847, 0.13867517709675423, 0.14977113912138412, 0.12915843517908035]"
12,"[0.6687821720295901, 0.517485880260311, 0.6211710071226484, 0.2890092427261014, 0.3531879429711392, 0.29003759794023837, 0.38484984265263317, 0.18247254633165744, 0.1572332871240617, 0.17571549109514756, 0.141406246657563, 0.12495082891351103, 0.12532953670324767, 0.11874022898674635, 0.08136647418945589, 0.12003080869866595, 0.11291960848237526, 0.10329263000247436, 0.09238824761708127, 0.0764790208166847]"
13,"[0.6449831800300053, 0.778742774870234, 0.3250772768539293, 0.29082321004058204, 0.3232541354163884, 0.26646334720297576, 0.2556296481233736, 0.16116339545394656, 0.21676844919104063, 0.19208548678107662, 0.17604214953046618, 0.21198940308980468, 0.1673689135266679, 0.1327495305423335, 0.13511670878975188, 0.12679396291780068, 0.10678880615295161, 0.091773606114439, 0.12599112005586194, 0.0977531372713285]"
14,"[0.802643094758099, 0.516680323913396, 0.25186148115288076, 0.23778326192275523, 0.2310168876163552, 0.2591887207143978, 0.32693110243871193, 0.19311054621335605, 0.12224663042415923, 0.16445789363472535, 0.17262244944618899, 0.15607925156298635, 0.12661859770257927, 0.07959651909789126, 0.0815456582321524, 0.08156804536553058, 0.0738079787883951, 0.09445525017024603, 0.07317481779425049, 0.07938060676262788]"
15,"[0.601343063056426, 0.47156224224554666, 0.5580449604219898, 0.4348125589592662, 0.3229761668440172, 0.32017190737572865, 0.22190811076033107, 0.2183911572765666, 0.2542003616554989, 0.3233856181011421, 0.20006196339747512, 0.2086213025544841, 0.20539618539585303, 0.12794880503927056, 0.20105666230319624, 0.19547862778767008, 0.1395363052031281, 0.14094656364458544, 0.11188019993299497, 0.11335438895105893]"
16,"[0.5736243034028636, 0.7299079728029816, 0.5446113645685721, 0.3810540216296416, 0.32627536698100396, 0.35782532920078725, 0.3086770199399443, 0.32801014220044633, 0.2533030133864123, 0.23757884552438172, 0.17753190040188693, 0.2221636657654068, 0.20464497589666952, 0.19344975699048744, 0.15838616558720403, 0.16964024114381226, 0.1541753332545449, 0.11315207867559933, 0.10719385218602386, 0.08162537291446322]"
17,"[0.8622432003512162, 0.587541207917367, 0.22171644275387095, 0.2766525969074392, 0.14945048690588694, 0.11512694929303646, 0.12580092149001915, 0.1226887636195225, 0.08530454980644765, 0.09636562766893288, 0.08660459174051754, 0.07366389078348168, 0.05200611937864694, 0.0585270410196667, 0.07444613183881932, 0.05709962131355162, 0.07377530014652336, 0.05264028065442383, 0.06592517432571386, 0.06816156014983438]"
18,"[0.8501556990138162, 0.3894886490773395, 0.3244935863977039, 0.23413993397333327, 0.24430864673940117, 0.18948913992642116, 0.2990278117153344, 0.15614433762295163, 0.1580778859095981, 0.17436046912229863, 0.1930614832721928, 0.10364300865780506, 0.12291933189721281, 0.10132073194724964, 0.10739102468671294, 0.10299905729328668, 0.11451802152899843, 0.11360988204736752, 0.09839859749142743, 0.11378274591954732]"
19,"[0.7851430204852301, 0.5500518262933516, 0.6873219153095513, 0.3646962833307841, 0.2014623075287132, 0.16027016667933736, 0.17735146573785426, 0.1943596182635902, 0.14105533830337016, 0.16441015841225187, 0.1598845391208944, 0.17599772618896825, 0.18976164760275727, 0.12592876095449848, 0.108866521865116, 0.1470285779654122, 0.13276827415056153, 0.10389701209872111, 0.09790948564593113, 0.13009458585591765]"
20,"[0.877320505277662, 0.26039434914209963, 0.15751553303370963, 0.18226826394962978, 0.10852750167759567, 0.12612015272217342, 0.11351086640959496, 0.15321421025554227, 0.10217788833094499, 0.1270054918825049, 0.09308997664989423, 0.08090845690460774, 0.08527418503955268, 0.12060023814060697, 0.07830377303617891, 0.08289146910994248, 0.08405760297435234, 0.0932651972365866, 0.07695461317924752, 0.06488989451515367]"
21,"[0.703212214568447, 0.6187915369949293, 0.628133941468442, 0.4611908763132848, 0.33956497197009095, 0.28171361951141755, 0.3234466154968279, 0.2346862295117123, 0.23622422219638936, 0.2243962667338107, 0.20927835547506812, 0.20180575801998235, 0.21989630585037945, 0.2007974686779042, 0.22153923854650745, 0.19687539162289452, 0.17478013284406, 0.12175707184226975, 0.1292068466859957, 0.13752610162741918]"
22,"[0.7502512421370686, 0.5757075771138639, 0.36388365276359325, 0.33683116184144757, 0.2559594628956196, 0.2052473658744608, 0.3260676825614404, 0.2256467261649756, 0.21039560738817042, 0, 0, 0, 0, 0, 0, 0]"
23,"[0.756583038958142, 0.8223248977154052, 0.5118810508565285, 0.33859910055923775, 0.31398391591100294, 0.3622465462608337, 0.17898848117275262, 0.16129779343131712, 0.1376985648780676, 0.1234455842411922, 0.12128613555588275, 0.09823887044308602, 0.1133380498770218, 0.09993862920750313, 0.0987458325307122, 0.10688310633795306, 0.10411486111559501, 0.09537783555161915, 0.08897190241290326, 0.09292142154360472]"
24,"[0.723422746260928, 0.5994018572090897, 0.6479888871167272, 0.6749982448813407, 0.40749963537367373, 0.31947806059578554, 0.2813016164367358, 0.20749100139431453, 0.2449279520711621, 0.11789414787818285, 0.13855921243480174, 0.09199141875974268, 0.15977418289188533, 0.09775288238338524, 0.08864086338908486, 0.10806073358511536, 0.08202002580654336, 0.07832979827424662, 0.08977999031544155, 0.06398765908289779]"
25,"[0, 0, 0, 0, 0, 0, 0, 0, 0, 0, 0, 0, 0, 0, 0, 0, 0, 0, 0, 0]"
26,"[0.6974762286143881, 0.5807312541870239, 0.44464970405469784, 0.3116315325286335, 0.2522339394686665, 0.2901124776495016, 0.34588112036307495, 0.21420512287855284, 0.15352289254852536, 0.16105520379593352, 0.11771457003056077, 0.11084924545083631, 0.09146539213843169, 0.05468840146300382, 0.04870301220720298, 0.08141508499469427, 0.05581063280308583, 0.060123002786448304, 0.045051882480936986, 0.043275029703229086]"
27,"[0.878126387239841, 0.3169226973761985, 0.33764854669599137, 0.11145781085568626, 0.12453042592739341, 0.08679865670923043, 0.09250401181110973, 0.09834703554981504, 0.06721566375040669, 0.06084485806595216, 0.09809705390727208, 0.057904644271488385, 0.07539357210022796, 0.04813591019355415, 0.05395282554059233, 0.07094437506776369, 0.05543722681962142, 0.07181163086672555, 0.05145589968396591, 0.04891241443625901]"
28,"[0.8682081548477132, 0.30652088057993243, 0.23787599126563577, 0.23812699686720198, 0.31536771484108106, 0.2200142727727239, 0.26728835339563495, 0.24500318864256995, 0.25528348391617284, 0.15642221032006132, 0.20817657938388187, 0.19544649866062352, 0.20692892470157587, 0.1600686863476921, 0.19770913695239772, 0.1515796062904221, 0.1432250023532155, 0.12162598430583287, 0.15399014126752392, 0.12415539985302082]"
29,"[0.7292908511495401, 0.4228508260221736, 0.4566089637695909, 0.39799917445471467, 0.3690679987484179, 0.31069871173568536, 0.2238651076424389, 0.21300393035733564, 0.17101728713696368, 0.283037898923837, 0.18449956442193222, 0.2776197143651086, 0.14244838736012144, 0.1547365981853036, 0.08290460296653396, 0.08275346136076822, 0.09543653661077331, 0.09747355363573063, 0.09219900833954996, 0.07569024907482444]"
30,"[0, 0, 0, 0, 0, 0, 0, 0, 0, 0, 0, 0, 0, 0, 0, 0, 0, 0, 0, 0]"
31,"[0.7647990227669804, 0.6294162041569238, 0.5580187215822059, 0.3101288467399411, 0.26742619058413525, 0.29363239078939696, 0.2667385906528491, 0.21954588339116546, 0.25683364390159236, 0.16517272186788234, 0.1939405509793865, 0.14086646531836974, 0.1623392959394943, 0.15740812361553486, 0.12799155339376164, 0.116975707960419, 0.10985657303938837, 0.11620428752506323, 0.11126029325950325, 0.0792876007170965]"
32,"[0.7760558080341524, 0.6443954878771665, 0.5862068278866606, 0.4149833739270402, 0, 0, 0, 0, 0, 0, 0, 0, 0, 0, 0, 0]"
33,"[0.7857697094881809, 0.6236587554186922, 0.4333493774084973, 0.43044231020413576, 0.3645756835060391, 0.41400503020941515, 0.233992188224323, 0.16206946488774202, 0.16271814604332202, 0.13303845110499582, 0.18041487961289093, 0.22048833725038863, 0.16467871394118266, 0.10888531233198094, 0.13017288055469756, 0.09586617818076126, 0.13679671283059672, 0.09704957266638436, 0.09266371218041457, 0.08924201861433309]"
34,"[0.8885966873353712, 0.3940636170865156, 0.38561226565723783, 0.417007070958345, 0.22612663744393485, 0.23109213679433932, 0.09967993631874078, 0.10734178602704683, 0.13670313153321062, 0, 0, 0, 0, 0, 0, 0]"
35,"[0, 0, 0, 0, 0, 0, 0, 0, 0, 0, 0, 0, 0, 0, 0, 0, 0, 0, 0, 0]"
36,"[0.6900665216507937, 0.5013133338084735, 0.24553844111310646, 0.3248288422476575, 0.37169845348940056, 0.21792894843001653, 0.230931977470072, 0.230569438845716, 0.2303770494621365, 0.17215039799056842, 0.22457194908302147, 0.22803046161450735, 0.194251647596533, 0.21699639366246581, 0.18704650349817284, 0.22063884196463412, 0.14976800637600274, 0.1655443037681347, 0.15903384889544772, 0.16506017578694163]"
37,"[0.9507964700961873, 0, 0, 0, 0, 0, 0, 0, 0, 0, 0, 0, 0, 0, 0, 0]"
38,"[0.5854293277110885, 0.7186082830273071, 0.4356293410150355, 0.3055875983492328, 0.33876836093275486, 0.33073240880393473, 0.22074041864935412, 0.36334045592064035, 0.1882622901237622, 0.1694235301884189, 0.18567765676369655, 0.22459745972701106, 0.24497515529722788, 0.18397400452900342, 0.16763852719461605, 0.11956223097242179, 0.15193858226432616, 0.13917892086759825, 0.1413266883583122, 0.12793047862664175]"
39,"[0.6386750109008752, 0.5849571395950284, 0.5108007430927173, 0.45340053319937773, 0.426398874776811, 0.44250370144301887, 0.462648105524889, 0.35532954924705873, 0.30008676830219927, 0.31097862950277205, 0.2798886580748365, 0.2824450556439064, 0.2553956860301494, 0.27854624172782033, 0.2531697171022359, 0.2662094884419046, 0.2533346573413552, 0.26160926692349207, 0.2872141396905965, 0.27556487830386184]"
40,"[0.7591350799439246, 0.5237233883937966, 0.5889401628114906, 0.45540965070312434, 0.29731303375724294, 0.28288644232138305, 0.2057487300046879, 0.2267515498543496, 0.17330908505114254, 0.172114666563085, 0.11345482121009207, 0.12756826855188297, 0.12004627368621337, 0.12751475091857228, 0.08173008389235592, 0.10567445066374734, 0.08851832125997394, 0.09984633936086293, 0.09549623387464573, 0.06415799895501095]"
41,"[0.6791259913802199, 0.5944737957336409, 0.3180014336315611, 0.25010220217631296, 0.28693720406543777, 0.23282243975399927, 0.22066070932507045, 0.18971712545232372, 0.19053101290429872, 0.1712503954572701, 0.14100778993480823, 0.19624969376664142, 0.16856844953657268, 0.1089303228448529, 0.14294117197685852, 0.1171511505359435, 0.11444204522221971, 0.11205845241737517, 0.11172326124764612, 0.07911544175799873]"
42,"[0.5713542978534261, 0.5966199648825876, 0.5883546925273622, 0.487837503459645, 0.4168592391825422, 0.47766655303273214, 0.472892406027564, 0.4538371537153525, 0.4406159182553753, 0.3932751953972733, 0.32737065425888423, 0.35285846370630225, 0.34171566189962227, 0.24632104515492068, 0.29738893575328634, 0.2937676166820123, 0.28319455376958436, 0.1999402830005194, 0.282868737930428, 0.21443947342492758]"
43,"[0.6914206828189113, 0.820092290391375, 0.3649523499023994, 0.24371847342341818, 0.2099756615031909, 0.21434329954300385, 0.20259042556890877, 0.17606378229949987, 0.18238259598308973, 0.14787873368443463, 0.1382049583396753, 0.12419556969361988, 0.1369094666053798, 0.1266650545602519, 0.1120516364740164, 0.08821682133178661, 0.08704066181979048, 0.1055801904458964, 0.12172490755726662, 0.09965048778367042]"
44,"[0.6444444346070879, 0.5343520930384611, 0.6119602325536535, 0.40382393887704165, 0.4075127109660054, 0.465525735573542, 0.3561382440731895, 0.372432166549583, 0.43067494422960956, 0.29361170952021753, 0.26897597621538694, 0.2716774227737614, 0.23392091697404416, 0.2680446026426432, 0.23873723452301032, 0.17799779051607795, 0.21498596281262605, 0.19279873045598317, 0.18695735675228645, 0.18649074833191592]"
45,"[0, 0, 0, 0, 0, 0, 0, 0, 0, 0, 0, 0, 0, 0, 0, 0, 0, 0, 0, 0]"
46,"[0.7927964672445533, 0.8220628787151872, 0.14570093737448775, 0.13124938015186383, 0.099501441248381, 0.11318609339089696, 0.1264726908057305, 0.07705856064737308, 0.1120054998124977, 0.09506736556479753, 0.07673818649696884, 0.09728613404016222, 0.06650485773781645, 0.035608295901796365, 0.04244559588391047, 0.051427493766050554, 0.04018851710370775, 0.03411153787556816, 0.03670853080893397, 0.05044556527663917]"
47,"[0.8172377827167414, 0.29904641433979384, 0.4134408525434899, 0.28887610231023875, 0.2731460639656289, 0.3423723913327019, 0.1819994365843553, 0.23892801546234832, 0.15457090444139296, 0.10320739332621397, 0.17880453862952853, 0.1490617934266324, 0.10998013253953909, 0.11259376022029688, 0.13564299231127852, 0.07708674644225418, 0.101749647962489, 0.095022961092559, 0.08158397765434282, 0.06725652031721022]"
48,"[0.7715920224145525, 0.5502514686455309, 0.27539791310051215, 0.2498160234109541, 0.259455716579115, 0.13452221012408183, 0.11550057934675899, 0.17079302651488842, 0.12428550410485979, 0.1128330734484243, 0.13213503196746162, 0.09061827508241359, 0.10165965790997175, 0.08586164651926866, 0.08344459408533661, 0.08555478679851404, 0.0893128993690881, 0.08322648392633011, 0.07351820635731204, 0.1284827130763107]"
49,"[0.7498888064849955, 0.4011918251310205, 0.46951507358797395, 0.4100210533528613, 0.2753333948377998, 0.24075180620784217, 0.24426985437816304, 0.24649798574657716, 0.27059247691901855, 0.26087284048661075, 0.19435049104535454, 0.11749827606621009, 0.11897494991886011, 0.12536864132993292, 0.12093999436108925, 0.12804026236460306, 0.10767791752091534, 0.1138879680355622, 0.11672323573282002, 0.12714250026409957]"
50,"[0.7354360604798608, 0.4752326405067606, 0.396174955395193, 0.3851081064740578, 0.250537968611466, 0.2705378546216575, 0.2060572459000526, 0.2631028215831793, 0.17063242351064783, 0.1526501847175568, 0.19040575622045147, 0.18664764182590832, 0.18113745570908796, 0.15610540057178074, 0.1871070883488645, 0.1296522791853722, 0.11630953580934625, 0.10387666485068205, 0.107072414636849, 0.08994749055447666]"
51,"[0.8590631944809475, 0.35050421798684106, 0.2570306553877328, 0.23274605241253138, 0.13463980082623148, 0.2016489163615453, 0.18815228830683467, 0.13126259831498016, 0.15793457035547992, 0.15911768088255718, 0.09184883901986893, 0.12126407861924265, 0.10142925395370683, 0.0783615820097706, 0.05559437406512811, 0.07063852118171267, 0.05631944313900325, 0.0723215061192915, 0.059788765404992845, 0.08149062908572494]"
52,"[0.8284787005963508, 0.8251084963201836, 0.24684963028784238, 0.06065074884233407, 0.19868760233203459, 0.12919112429347268, 0.10230385073027158, 0.11235805268919763, 0.10040644385607844, 0.07732283543491869, 0.0772779854045226, 0.07326276265916835, 0.06062836229019212, 0.06081097955152656, 0.08123876805351213, 0.056261094559272085, 0.07522950630249096, 0.06292707319426499, 0.06144951930439428, 0.05010572655896261]"
53,"[0, 0, 0, 0, 0, 0, 0, 0, 0, 0, 0, 0, 0, 0, 0, 0, 0, 0, 0, 0]"
54,"[0.7851430204852301, 0.5500518262933516, 0.6873219153095513, 0.3646962833307841, 0.2014623075287132, 0.16027016667933736, 0.17735146573785426, 0.1943596182635902, 0.14105533830337016, 0.16441015841225187, 0.1598845391208944, 0.17599772618896825, 0.18976164760275727, 0.12592876095449848, 0.108866521865116, 0.1470285779654122, 0.13276827415056153, 0.10389701209872111, 0.09790948564593113, 0.13009458585591765]"
55,"[0.6671533584703642, 0.772480968302887, 0.5016264255350025, 0.40702540986236996, 0.29000395729180917, 0.3015419621308072, 0.18457018763747368, 0.15601537063574633, 0.1592144792041503, 0.1739466537072974, 0.16101477095416866, 0.13390042194865376, 0.1698612138220993, 0.1270494790102688, 0.10268313845915032, 0.10193181882713066, 0.11487944539699904, 0.09250266313403166, 0.09645397652762594, 0.11804540615308448]"
56,"[0.727415323251415, 0.48814826649633447, 0.4177892347767595, 0.4190855739292404, 0.3387823179994939, 0.3773023713744944, 0.2551336890580732, 0.48457183688691136, 0.23755226120667747, 0.2841679474075152, 0.30993445688750193, 0.19357090612902386, 0.14942528690764648, 0.15131965953825144, 0.16122457972496035, 0.12526743504478274, 0.13545176313684024, 0.16158092428524737, 0.10629374626833488, 0.14984313879961775]"
57,"[0.8027919154723449, 0.4779817006400357, 0.4391074200128575, 0.35461732510334393, 0.39203929833081996, 0.35902437072535553, 0.35156861415747864, 0.22801138202176505, 0.17988299201946406, 0.16930231290642406, 0.17967534979769773, 0.22558218635202165, 0.17437919916977485, 0, 0, 0]"
58,"[0.890289457064041, 0.21321078319563186, 0.16367950805044926, 0.18750580035754016, 0.14098889036285273, 0.12436667549703236, 0.10621150808191587, 0.16331284566579635, 0.13151708954589897, 0.1312345551258107, 0.07554826041439199, 0.10823401751954558, 0.12886109777885596, 0.0874396521638174, 0.1069508886936002, 0.08745266900867427, 0.090961382049457, 0.07921531695387736, 0.07356299667848945, 0.06113995410844057]"
59,"[0.8757054688169603, 0.6452796906741911, 0.2343994079895844, 0.2627185855184928, 0.26122108806435324, 0.20097078214600186, 0.15763994910033155, 0.18450647892310434, 0.19088357452817692, 0.224428890127527, 0.11425025797117457, 0.13410021115800225, 0.14857755190635763, 0.124129090500841, 0.11691062882668497, 0.07564025521953296, 0.06704526593850506]"
60,"[0.6830138704973325, 0.40274874945813943, 0.3479844132845503, 0.3610414368868974, 0.2549482947564088, 0.25173537666345763, 0.25962826249469556, 0.18094691601398863, 0.26193382560339534, 0.18376751338335176, 0.2055658568269926, 0.2574288528710341, 0.15763508722971448, 0.14630058270471102, 0.16456770414660396, 0.14933931237085452, 0.12173920684783306, 0.12726888185526664, 0.11267033875101334, 0.1060704923860138]"
61,"[0, 0, 0, 0, 0, 0, 0, 0, 0, 0, 0, 0, 0, 0, 0, 0, 0, 0, 0, 0]"
62,"[0.7025139788338456, 0.5601425382562225, 0.39785212157942557, 0.34312912738504886, 0.3819488521487021, 0.43697533092717117, 0.34216955914580655, 0.412269069485951, 0.3672013317058723, 0.2391698616370179, 0.23260826903586257, 0.20053538530411363, 0.1611276899498843, 0.21171573015809297, 0.1624371824344381, 0.14035068018588137, 0.13016478841645604, 0.12989880719909253, 0.12836467603435212, 0.13911524847135637]"
63,"[0.8640201327044572, 0.6024001185616374, 0.44323897780244753, 0.287969464636967, 0.35130967083864856, 0.28672888939358626, 0, 0, 0, 0, 0, 0, 0, 0, 0, 0]"
64,"[0.7750140687828149, 0.5246660727227499, 0.3131204661494012, 0.22786582579924228, 0.3640464988033928, 0.20176969633626005, 0.24038213622165316, 0.2936807103460124, 0.12903212512371254, 0.20406581458287293, 0.12753565095740502, 0.12317565745125926, 0.1519500439066157, 0.13509202139511373, 0.17561456886144966, 0.1304041556555764, 0.1170077335149452, 0.13239861833942443, 0.12106950208783353, 0.16549300589583787]"
65,"[0.905990683865757, 0.3344762561178307, 0.2394172658575363, 0.2461940767125196, 0.175160272906281, 0.18035419774455116, 0.22232614930040429, 0.16024081996849787, 0.20358546243971654, 0.1427325381638726, 0.12461308168651009, 0.14963672188758728, 0.12901704733157687, 0.13110695185748808, 0.08002371956674681, 0.08296766869012669, 0.09276731615351783, 0.07425371613693789, 0.06912977912171699, 0.08091415223474996]"
66,"[0.9860474473262624, 0.18397877107331062, 0.09136184220728877, 0.05595483938138727, 0.04387462624359064, 0.052461768926969715, 0.05517394542226043, 0.048374278783407436, 0, 0, 0, 0, 0, 0, 0, 0]"
67,"[0.628611373213354, 0.290196180586532, 0.33768248032194176, 0.33379954589899363, 0.35398889591311544, 0.25440966159445344, 0.19941331442750543, 0.21540610497967294, 0.22716547161196773, 0.21450217762442875, 0.2322363085307243, 0.22377337077814158, 0.14331394184539076, 0.11784936477472299, 0.12865370371883347, 0.12456056240279703, 0.12457025104021265, 0.14361569308729358, 0.1293243222266916, 0.11885810404105121]"
68,"[0.7523934645340717, 0.4207125460936012, 0.5024961879332341, 0.4070308157367636, 0.4329317610923237, 0.3668229757811386, 0.3735850385232321, 0.26836315981138725, 0.278412760330852, 0.27561402481777697, 0.19642892557236494, 0.20769209180624523, 0.200741060993191, 0.16015220982131165, 0.28330647587633695, 0.18855459194914445, 0.17893061029324006, 0.22813840987762735, 0.16480638253163882, 0.15066131824712298]"
69,"[0.7120089974741547, 0.8659985480365433, 0.48409320656012755, 0.3266666389048174, 0.26034403319721167, 0.3457298124186272, 0.22682940031378435, 0.19639417586067176, 0.18664451860276257, 0.1386780993740468, 0.11734408094772092, 0.09460993819653436, 0.08115167475950065, 0.09779562969355195, 0.0749733556675683, 0.08044303462235991, 0.06636187010836803, 0.07538347632620936, 0.06645750779357572, 0.06889648984235014]"
70,"[0.7206524096043131, 0.7275868122089393, 0.5552025770406515, 0.4684990857711539, 0.43476652368470803, 0.4637401407517377, 0.3362168016047963, 0.3216490171907034, 0.22540189393883764, 0.23547374915562855, 0.1929087240732232, 0.18268520365245755, 0.21475332356988608, 0.14069054677257944, 0.13773250959956432, 0.19122168128617256, 0.17449011981375884, 0.17130460129796826, 0.13609623346033756, 0.14999303712316356]"
71,"[0.7185635398802334, 0.6786926659600331, 0.504856082086323, 0.5266683790730855, 0.459614595534922, 0.4627125621309312, 0.45649331282651967, 0.3228526607498677, 0.2947671667028622, 0.28144528287955933, 0.27866467661677957, 0.3134220298093513, 0.2704221834752293, 0.2777848645781487, 0.30798050057317217, 0.2405305603993434, 0.272676289238437, 0.28803677341002004, 0.28559821319682843, 0.2576554925508705]"
72,"[0.7334976834412411, 0.7268160916017474, 0.6041359491475575, 0.5134094130244005, 0.38107863633094835, 0.31046069670421717, 0.26905223954283025, 0.25536028278667977, 0.21224217213238877, 0.2105745679452105, 0.26509504225847097, 0.2627199872555081, 0.21856355152737744, 0.26715063864008554, 0.2432551195218573, 0.25592907335755255, 0.24024415118860165, 0.1930621555035804, 0.22296220204131695, 0.19875012616734367]"
73,"[0.6946324775567243, 0.8353442825354676, 0.47693230398065967, 0.35760890300441117, 0.26933330407834966, 0.244393549516777, 0.30336609066971426, 0.28011867263016876, 0.21534277309577315, 0.27009021853886483, 0.16307692089566705, 0.17520616918923315, 0.12986363470667844, 0.15959908723238264, 0.1593087244108528, 0.11047765336706183, 0.12312852464818544, 0.08883955192238335, 0.07898031544404764, 0.0836614664414858]"
74,"[0.8461436101167413, 0.6103571349937079, 0.3971662319889559, 0.3597912538161878, 0.39947027916631095, 0.2237132644306951, 0.2508902727276186, 0.22353335012343256, 0.21265999289995155, 0.18315527917846808, 0.19563790285300103, 0.15955536088658046, 0.18408062912804535, 0.12488173105366153, 0.11421775778812221, 0.13803598184075122, 0.138454409527844, 0.106359084449825, 0.10901836878876331, 0.12260800719456243]"
75,"[0.7823848077022433, 0.39499954315941704, 0.32796859493270175, 0.26432801888875673, 0.36787680061941985, 0.2717001373037362, 0.2907912604576956, 0.23255610064029714, 0.208444930471095, 0.1766643870688918, 0.21430942974950162, 0.13611982916799814, 0.20265760529283142, 0.10489596419496713, 0.14011990912966088, 0.14677894415504922, 0.15683697735467578, 0.10856141730450707, 0.08988762992946069, 0.1036066999552478]"
76,"[0.8810387850084035, 0.42314455713806587, 0.2550472357873066, 0.1624114694407998, 0.15450331896866043, 0.11316810694877419, 0.10370882527165047, 0.13440414091354086, 0.11626583533326233, 0.08478578827285677, 0.12210149190425168, 0.12489902920581472, 0.07214216083231625, 0.09991185814551377, 0.07439833678119906, 0.06531078439005067, 0.06943632747167276, 0.09557154370646731, 0.06483507432931335, 0.09686771421938131]"
77,"[0.6753177657103037, 0.6668440337709582, 0.33826815341440236, 0.3542877447096555, 0.3285737431225824, 0.21879032633879944, 0.19245960491550168, 0.27335369646975705, 0.2126858840916212, 0.1899101445912197, 0.16955317555373745, 0.16348109581178744, 0.23480435501365077, 0.14976787622502766, 0.18440764407576055, 0.16986406098570045]"
78,"[0.7347106634405328, 0.5673129510396064, 0.40790942792595025, 0.3180039547914934, 0.310773583047645, 0.2854128825451656, 0.2898151699459697, 0.2916165318728968, 0.2477064442256999, 0.2396583188337122, 0.2188864161419038, 0.1727071426776945, 0.23157641321782216, 0.17203304703603275, 0.19264412526441071, 0.2087894771831516, 0.2194095991594993, 0.18487252211208569, 0.17809975242261963, 0.17676960045346796]"
79,"[0.809218749559925, 0.6138965044669189, 0.3639136344076453, 0.31261412663636773, 0.22507480215120082, 0.3032547011697021, 0.2137011274972087, 0.14651316157871078, 0.1922321611948777, 0.15569914182275355, 0.23226120497496205, 0.1602293558606701, 0.12583015792067945, 0.14171255237224137, 0.09955551725000433, 0.11134855401740462, 0.09244385884618138, 0.08954651915522471, 0.08904199810349263, 0.08409349325889372]"
80,"[0, 0, 0, 0, 0, 0, 0, 0, 0, 0, 0, 0, 0, 0, 0, 0, 0, 0, 0, 0]"
81,"[0.7466781851785212, 0.35792293279980986, 0.39536625307753515, 0.35103464166023934, 0.2848191794294803, 0.31025458405801254, 0.22173631564723795, 0.20304460066880625, 0.17792109616980484, 0.1227379268245489, 0.1369613858649687, 0.12298439255857255, 0.12250590495020623, 0.11075294578144258, 0.13611012174630605, 0.136182714299973, 0.11283967622215728, 0.10245274609179811, 0.16583726642281493, 0.08447287067419192]"
82,"[0.7762952035382552, 0.37677026642915235, 0.3187169742349694, 0.38230968529496356, 0.28752848653050334, 0.24169628785659827, 0.2159982533839267, 0.16355240423037617, 0.17463595017937739, 0.23157571880963224, 0.17757156783500003, 0.15678287426836743, 0.1410683792385179, 0.11828713655252156, 0.11141200421995519, 0.12552744481651784, 0.14728491416171458, 0.09396764306912674, 0.1108999881720116, 0.10355578184620629]"
83,"[0.8293549517757908, 0.5810405033748973, 0.5064275364668509, 0.3446976460711381, 0.30351497740345545, 0.31536400975865364, 0.27434544148447076, 0.2963422570911459, 0.2632073714087208, 0.33011613817195934, 0.3181135207440373, 0.20878730484394387, 0.2374261925456535, 0.18151246277342142, 0.20371695290313352, 0.16838958761126468, 0.22184511292008402, 0.2187649214111101, 0.1768314435558354]"
84,"[0.7475508696256563, 0.6594956649555761, 0.6128399043585181, 0.3578963881490098, 0.32172673670915114, 0.22153414857123185, 0.27033170784144406, 0.2235770247527484, 0.1583201199475363, 0.13855833212516636, 0.13201889588295138, 0.12570852668945906, 0.160390256086293, 0.12352393200887518, 0.1068566029854561, 0.10559058235798849, 0.09008511950658817, 0.09353979266301685, 0.08666054250279859, 0.08400469210367861]"
85,"[0.8302675075647001, 0.4627965578238801, 0.2872727034885775, 0.2266752350292017, 0.15826447375179803, 0.2294323352623709, 0.2437979815417256, 0.1843447197411782, 0.16057660584420572, 0.14889417147879777, 0.15602463635634492, 0.08945008960012799, 0.12012792158993019, 0.08272581941041864, 0.10325592955604551, 0.12874595276727402, 0.06880182518532954, 0.11778485442746878, 0.10325912818245256, 0.08239737311624312]"
86,"[0.9332784355053267, 0.47172121980019577, 0.2385434193651806, 0.1640152956617933, 0, 0, 0, 0, 0, 0, 0, 0, 0, 0, 0, 0]"
87,"[0, 0, 0, 0, 0, 0, 0, 0, 0, 0, 0, 0, 0, 0, 0, 0, 0, 0, 0, 0]"
88,"[0, 0, 0, 0, 0, 0, 0, 0, 0, 0, 0, 0, 0, 0, 0, 0, 0, 0, 0, 0]"
89,"[0.7953918829681867, 0.43630256361530073, 0.5404012938012734, 0.3852309475347527, 0.2442734960278945, 0.1841342355511278, 0.18367549491721188, 0.14366412084816582, 0.17728461872708084, 0.12034250504312625, 0.15155907078410158, 0.11331983931987624, 0.11708539755836989, 0.0966917438297226, 0.09119360826181643, 0.09008814794013963, 0.0857856574491892, 0.11380063315440403, 0.1539823761164239, 0.07947484051641686]"
90,"[0.6545091364263308, 0.6207265656068608, 0.6130967210498858, 0.4293569089009633, 0.3884266939583275, 0.29680373844554453, 0.2645611532556504, 0.26516512750868626, 0.2651683673806146, 0.23438890476924296, 0.16655325531047013, 0.1585203284121269, 0.18841288371612586, 0.18135058653721056, 0.15663274692305706, 0.15751300717476888, 0.17932074045244945, 0.15695628894202485, 0.18769469818110418, 0.17962979128008355]"
91,"[0.8680117164863073, 0.23357053598885075, 0.24396778885866, 0.23493705014173283, 0.1575156018253579, 0.1590567718977834, 0.17419906642591199, 0.13938121509611984, 0.1604841837253138, 0.14860884251210627, 0.14636054527064485, 0.1115669676138987, 0.1305009331995381, 0.10829907624169297, 0.08901309615353117, 0.11299609250172574, 0.1220641585275164, 0.10141375997566598, 0.07284251860011362, 0.09843058997155407]"
92,"[0.7874301465016762, 0.3820873305643211, 0.34203421460307176, 0.3413612107850781, 0.385244727127386, 0.3381379028981102, 0.26457114146273647, 0.18709377583127848, 0, 0, 0, 0, 0, 0, 0, 0]"
93,"[0, 0, 0, 0, 0, 0, 0, 0, 0, 0, 0, 0, 0, 0, 0, 0, 0, 0, 0, 0]"
94,"[0.8696427402676672, 0.5437385319268853, 0.5379997016561018, 0.41097678283237926, 0.35760883371254215, 0.4568418729991496, 0.38811454308363835, 0.2588257276208405, 0.1817020741107412, 0.20179221124475044, 0.18119394434062538, 0.17218805462533365, 0.14885188964723642, 0.12049482217029923, 0.13508871325560795, 0.1370978146879855, 0.12792059813221895, 0.11837541058233407, 0.12678137698680886, 0.09251854119606957]"
95,"[0.8541899345429442, 0.2863108419856025, 0.24981255669393754, 0.19979777360176432, 0.17888130594214927, 0.12236314063705267, 0.11762567034025304, 0.17763111763847989, 0.10220577652470625, 0.07907810794124683, 0.14585185487458407, 0.12110471443688678, 0.09896249082290363, 0.07178885645546156, 0.12274767519755046, 0.07428321336811473, 0.09227172630149283, 0.0870180558029266, 0.0845986247612033, 0.10588348851120528]"
96,"[0.656142785499319, 0.5352830475860915, 0.36441197300206823, 0.22499920114304056, 0.22165621507524536, 0.1279337317495781, 0.13832683856371258, 0.15828868246359507, 0.1915656523821773, 0.188728904819633, 0.1930800483695401, 0.14784867283793762, 0.1446876419918407, 0.18189629910924743, 0.1501110603700477, 0.10329341323919317, 0.09283080228866425, 0.08024332461199118, 0.09975312766455897, 0.10823386926431082]"
97,"[0.7311382508247166, 0.44282139107003027, 0.5341993209343261, 0.4636894257261396, 0.4782479681168783, 0.35718845712407465, 0.28224601591582477, 0.27469693486453917, 0.2392628493437568, 0.28151286765813016, 0.2411334110345624, 0.25086150540226276, 0.288591933318733, 0.2549388061512632, 0.26758289798074986, 0.23282051654410535, 0.2696451428386635, 0.22301844976796126]"
98,"[0.6900665216507937, 0.5013133338084735, 0.24553844111310646, 0.3248288422476575, 0.37169845348940056, 0.21792894843001653, 0.230931977470072, 0.230569438845716, 0.2303770494621365, 0.17215039799056842, 0.22457194908302147, 0.22803046161450735, 0.194251647596533, 0.21699639366246581, 0.18704650349817284, 0.22063884196463412, 0.14976800637600274, 0.1655443037681347, 0.15903384889544772, 0.16506017578694163]"
99,"[0.9613836561928222, 0.17578399547783752, 0.12084962251107559, 0.20018020167909367, 0.11694439634432804, 0.10881292352243734, 0.12280622816401307, 0.08114102192904177, 0.07487954091676377, 0.08694053744789829, 0.094568295986287, 0.09440609268465802, 0.09073640888098235, 0.08632947797733326, 0.09403782660284174, 0.08407263842711321, 0.0994452515208942, 0.06889932846026348, 0.06870693631829422, 0.07062033527102377]"
100,"[0.8297173901496706, 0.4995214122000805, 0.21469730102038606, 0.1993509032835169, 0.23600219591606897, 0.17231893000500026, 0.17908804899215852, 0.16144933178047016, 0.19147884265511422, 0.1243712463697288, 0.14638880487132455, 0.19733943895708275, 0.1319335576544041, 0.1245513917291651, 0.15371515026102556, 0.1207183058236534, 0.16097176594531654, 0.09703411114337529, 0.13367516417070016, 0.10439873913850856]"
101,"[0.6931905736002197, 0.5775744112705022, 0.45517982390475226, 0.45072418907790335, 0.5450667604186777, 0.33598620938618606, 0.35049284035205674, 0.21790176033200917, 0.2103714820644029, 0.21042336319389, 0.23946264178742083, 0.18834023386390744, 0.25138778582638016, 0.2014554084463165, 0.2360143758199471, 0.21514414103430168, 0.19744571883406242, 0.22410838023035345, 0.21059186765230375, 0.2341604910887302]"
102,"[0.5628639297424969, 0.6241763971716104, 0.5017312739826298, 0.3332500064126381, 0.3911976947752011, 0.4072290062412852, 0.4545685557039043, 0.44033542016453286, 0.4114418697679686, 0.3838443178929841, 0.3338965833052734, 0.35135988673633006, 0.33923804761247495, 0.34407589463679805, 0.32727183154194944, 0.33999919981320237, 0.39299668682466216, 0.3596918024713276, 0.39371599929340473, 0.37303105181192564]"
103,"[0.8354922329250336, 0.2990169415036338, 0.2589338998479957, 0.26874528679937004, 0.3293436352274881, 0.291798435123761, 0.20417557939233208, 0.19606822387885803, 0.1621047661249799, 0.1972689011641141, 0.1796435935156097, 0.13686560153583735, 0.11295273781800062, 0.16101032967569368, 0.13612121741835725, 0.11712088781315082, 0.1152545014658061, 0.13139789324650192, 0.093686509998296, 0.08732225182862619]"
104,"[0, 0, 0, 0, 0, 0, 0, 0, 0, 0, 0, 0, 0, 0, 0, 0, 0, 0, 0, 0]"
105,"[0.7986338439477013, 0.5277480644763116, 0.3205974546188255, 0.24214119859514607, 0.1997690620765208, 0.05884613527102987, 0.11795828392758717, 0.14404855073588307, 0.16414889226172086, 0.05786342457342132, 0.10268186332015047, 0.10622793253319576, 0.061386408712303685, 0.0958143059493354, 0.09245229771211409, 0.06905898902521501, 0.07967450539301471, 0.054497778563106336, 0.06145032101235978, 0.06353410605220232]"
106,"[0.778073440946043, 0.6511670489774121, 0.56908661691544, 0.5154675476824027, 0, 0, 0, 0, 0, 0, 0, 0, 0, 0, 0, 0]"
107,"[0, 0, 0, 0, 0, 0, 0, 0, 0, 0, 0, 0, 0, 0, 0, 0, 0, 0, 0, 0]"
108,"[0.8953834647384704, 0.5871940743797849, 0.27675768382838867, 0.24259247396850597, 0.16675986357847639, 0.17917381455858675, 0.16710844826660104, 0.16253625442788094, 0.10912915539820135, 0.10561323327689132, 0.08270874404405942, 0.09332277876363013, 0.09166124591298576, 0.061328390706216984, 0.06298520997694806, 0.056771642018760254, 0.07093477805625714, 0.061127851861511616, 0.062474108312136845, 0.04573197161498761]"
109,"[0.8077602761969859, 0.5434681125525224, 0.2214218268777427, 0.3436661284927872, 0.2724852027281597, 0.24530301582377056, 0.2005956386789091, 0.23606927777410266, 0.19776984381884885, 0.1775250523816131, 0.15962993684668877, 0.19858007430015773, 0.1523018665884796, 0.18627665409487276, 0.15813395094044325, 0.13479000316577688, 0.1488966932974481, 0.11431954969938184, 0.11496099354924776, 0.09677490772415351]"
110,"[0.6787075085809922, 0.4975516606191575, 0.449653411831757, 0.5177161023722874, 0.38962367157499894, 0.40553401206261214, 0.33312958185670205, 0.3603199969095402, 0.3462090463901317, 0.3229723476017593, 0, 0, 0, 0, 0, 0]"
111,"[0.7368862461565708, 0.5909455537924624, 0.47594247984141635, 0.48505524264228805, 0.4436534740052802, 0.42729223443927306, 0.34187090544080545, 0.29339452786726, 0.3250866202059571, 0.2752401720061438, 0.33285010690824923, 0.2912003824280542, 0.2627638728074977, 0.19378444878628948, 0.21276311079307864, 0.21399971321065345, 0.15896791640273925, 0.1825280738042218, 0.19067111831165554, 0.15334640717982823]"
112,"[0.932164300055352, 0.27734372937852986, 0.27332861080423904, 0.23639722627059845, 0.2296836528711229, 0.1673547147589394, 0.1604625711540632, 0.17091893451716772, 0.17655014759415838, 0.18606570018816337, 0.13402341652514924, 0.17761326495974114, 0.11963421473021195, 0.1164801790092513, 0.10434162886313422, 0.10760539458997691, 0.09649758425120683, 0.10819645832105046, 0.07858133551035791, 0.09579860008105266]"
113,"[0.7305665143215576, 0.5658311237043198, 0.48607626434168477, 0.31052516260929897, 0.29214144360982375, 0.3217632039728493, 0.21932064330835946, 0.3177194805680381, 0.3535397256804387, 0.23213819097027752, 0.18079164479863663, 0.16643639960587456, 0.2028416351754687, 0.17662387272512345, 0.12813193236267773, 0.16393412139701463, 0.09161815654004658, 0.08918241985343277, 0.10669399828156373, 0.09210540927802949]"
114,"[0.7094154718719895, 0.4315827783461209, 0.3828297662043411, 0.3442510776198485, 0.30298822377450635, 0.33652502731245615, 0.2617524061307164, 0.2676902471081641, 0.22058805059277795, 0.3428718421046447, 0.17300922623058904, 0.18408864371343958, 0.2941788295799049, 0.20380519835846272, 0.17024366861013776, 0.15539692026003155, 0.1682484398788311, 0.1974830140083988, 0.13853025046890724, 0.14287432059532382]"
115,"[0.6444674823038091, 0.6077335543621171, 0.6563984607027422, 0.5546333448362111, 0.5765048878766629, 0.5859799500980926, 0.6400667064484524, 0.6402108236167883, 0.5480494194641155, 0.6095088676139648, 0.5301844688130325, 0, 0, 0, 0, 0]"
116,"[0.6770579663724817, 0.6145933558386474, 0.5176665956348795, 0.5040170013428272, 0.6222718889066935, 0.45598396024027527, 0.3678139002319731, 0.3005971872585227, 0.2980104185338103, 0.23524563195693138, 0.24054871540631273, 0.19820740388832414, 0.18939882966293917, 0.17124373006313512, 0.2561736268067946, 0.16995312864926693, 0.15383334072324553, 0.14030464986124244, 0.13946983193117882, 0.12944616615930982]"
117,"[0.710636693648758, 0.6368608963869755, 0.6243339161178927, 0.4118666433605147, 0.3671885487291136, 0.33293490251774416, 0.33703012028896945, 0.24626678243197933, 0.2454900005003105, 0.24251704674096963, 0.19943538904104194, 0.2940337423644098, 0.2032474048507351, 0.23117912168236115, 0.18050523563725673, 0.21735418526344008, 0.2510265636209454, 0.2292542455098172, 0.19074023142690863, 0.15242113570108093]"
118,"[0.7432049271040183, 0.7892103747096954, 0.47178523082186863, 0.45164731681797254, 0.19618909862944953, 0.21989640073160288, 0.16896581999475274, 0.17377736508062763, 0.19979191780078265, 0.16133096566326374, 0.1741204323939206, 0.21687044908996994, 0, 0, 0, 0]"
119,"[0.7824601526574275, 0.6931067036807592, 0.4106015982846821, 0.31347135582417324, 0.31225843229074374, 0.3067209504863928, 0.25133465065811567, 0.24758558772968622, 0.2720373967833466, 0.21399141671775818, 0.24903362083695607, 0.20802618977469567, 0.23880474276438998, 0.1720642229548542, 0.1850289771010855, 0.13505036488203934, 0.1487870673601283, 0.1814384231252184, 0.14113092076510653, 0.11310698044835892]"
120,"[0.6626485106461475, 0.6211200543050294, 0.3839245335205582, 0.32549971503200603, 0.41445472183372956, 0.19541686114799833, 0.15586011690460153, 0.1601486129143615, 0.15379542127618584, 0.13875755822728936, 0.1809900299888507, 0.14907365270278888, 0.13993608843607755, 0.1380838978432934, 0.13359723718019456, 0.11068961768079948, 0.12062858289109422, 0.10733833722984393, 0.13431225145559672, 0.09743286781499313]"
121,"[0.8354651324254768, 0.6060852925627978, 0.44298876868652215, 0.36143982551980314, 0.3041292731112428, 0.2839136488643753, 0.27458065168707557, 0.1502535807330519, 0.13749115458307928, 0.1562274597436063, 0.14316069012119897, 0.13368697601704657, 0.18045832260683625, 0.12484182331390535, 0.13547055687881496, 0]"
122,"[0.777891606349296, 0.4763701110154574, 0.33162472970506995, 0.37345519748930184, 0.3202412816143503, 0.1842362411230531, 0.22634798826819, 0.21345097554772796, 0.1628689265059325, 0.1952388658571552, 0.1322704852518671, 0.18964482909871272, 0.13522928350376995, 0.0987853568407713, 0.1979916729665665, 0.11495210284680932, 0.10510474310556754, 0.09806062753679495, 0.13239804136601743, 0.09655245995230152]"
123,"[0.7691274170904414, 0.5510845370222754, 0.42608017214449967, 0.2710050624549797, 0.2646942668681763, 0.20103248606364832, 0.1435266797309383, 0.168493069061554, 0.1887417262359264, 0.09752284964940505, 0.14006441561848693, 0.11263956173809817, 0.10842823114546588, 0.08943032221457417, 0.08173180468207493, 0.1023698335157534, 0.13763372817512032, 0.12968095983258465, 0.11668088386903541, 0.10088189590365437]"
124,"[0.6680420987309836, 0.40994366540293325, 0.31733552836636464, 0.3280743074270393, 0.3342559013228532, 0.3034868106713131, 0.2236874397993104, 0.19727736850788297, 0.29819431162177396, 0.2069909587681661, 0.18099658470672347, 0.19789680643560023, 0.1486243924899437, 0.1266615504759161, 0.10679201528322281, 0.17830447975579714, 0.12048439285633482, 0.09112821790257562, 0.13110925078316724, 0.0804160615737404]"
125,"[0.7986338439477013, 0.5277480644763116, 0.3205974546188255, 0.24214119859514607, 0.1997690620765208, 0.05884613527102987, 0.11795828392758717, 0.14404855073588307, 0.16414889226172086, 0.05786342457342132, 0.10268186332015047, 0.10622793253319576, 0.061386408712303685, 0.0958143059493354, 0.09245229771211409, 0.06905898902521501, 0.07967450539301471, 0.054497778563106336, 0.06145032101235978, 0.06353410605220232]"
126,"[0.5727027743410915, 0.5817941193175754, 0.6057146692326375, 0.6111145454224224, 0.5373191174185217, 0.5333171491722476, 0.3783444087179416, 0.2952607140378439, 0.3777534805673767, 0.2620682388979103, 0.3298079168526843, 0.15861641435251164, 0.14181419433000028, 0.1348989437907806, 0.1251528678994744, 0.10684790037685607, 0.10924635587671964, 0.11199746316259866, 0.10324493700298658, 0.09504540448339577]"
127,"[0.6118270446794605, 0.7867443084357097, 0.6651210310994228, 0.5606515473258445, 0.6678101032401726, 0, 0, 0, 0, 0, 0, 0, 0, 0, 0, 0]"
128,"[0.8135091700189361, 0.504674475925487, 0.48460010323295455, 0.4319752291201489, 0.4492264339972277, 0.43789316462879013, 0.41972788946292167, 0.42769151276216977, 0.37904534335001894, 0.36147874355375675, 0.2839439067560136, 0.2816089956392641, 0.288388284712513, 0.21646423167430862, 0.29849412577101825, 0.20082239061636345, 0.18819607774785785, 0.17034402999285825, 0.16512378601471767, 0.20939896080283582]"
129,"[0.9038921504800632, 0.23790047748276372, 0.14713849887675615, 0.16798675535143703, 0.16598802329406234, 0.10580418653351747, 0.09420523037259465, 0.10670254665396521, 0.11049837850483321, 0.08403415570786672, 0.08454675406440981, 0.08333910088591051, 0.09615584627723145, 0.10184650131939138, 0.11316080516778124, 0.053692815300639365, 0.046818299498869974, 0.05101396867553172, 0.054149959143973456, 0.054309027906335974]"
130,"[0.6644639905940162, 0.5348317880982446, 0.5290703099911127, 0.5463072514178164, 0.374439852920169, 0.3549298820630495, 0.36899871531461714, 0.3712450728998789, 0.34291419453007044, 0.3604213443608327, 0.37465263477401634, 0.306799044778715, 0.25553582217918985, 0.26852107701729416, 0.23620218930565795, 0.20001377164623374, 0.18227605017601423, 0.23302129357063772, 0.17612396944290779, 0.15697930591101222]"
131,"[0.6518439027097075, 0.5061998914742103, 0.39913026757813236, 0.39561215397289257, 0.389028491177971, 0.3437508030196256, 0.3692746032889204, 0.3750324543156701, 0.31837948935627713, 0.28889583388730145, 0.3735207063904476, 0.27278790372944584, 0.2876129638003993, 0.22859228680855603, 0.1983243610228827, 0.2285477649817742, 0.21795737508748547, 0.22122470248623266, 0.21685706638233618, 0.1855416172341259]"
132,"[0.8581622059233799, 0.28487823084239217, 0.1951065267984853, 0.21320297775442465, 0.24706534001787078, 0.2690058287467999, 0.1644202304892464, 0.21001185365908637, 0.22260140900785413, 0.21047576153505726, 0.1435775217065399, 0.17299421701838175, 0.13260089967070232, 0.1745579244055707, 0.11722184255538765, 0.13066576305816002, 0.10855268089201058, 0.10150198149164599, 0.09182654049953379, 0.11071389414867705]"
133,"[0.863946811849754, 0.4026673856829338, 0.2945633663945304, 0.22917583462101726, 0.21265389568332896, 0.20360127689784885, 0.15080791626998383, 0.126687629166272, 0.12609416639012322, 0.13321673476598916, 0.12337984078337916, 0.11730165614880973, 0.08295426351109067, 0.13354613329244436, 0.08598625827001133, 0.08300908299605002, 0.08685741639053302, 0.1208673365152421, 0.0902275395055831, 0.06566546183760981]"
134,"[0.8132627057088397, 0.36751414330631293, 0.2549118353860671, 0.2997158080073704, 0.3268306235971028, 0.21675785739349585, 0.2566310108610002, 0.23235394825132888, 0.23376511979628312, 0.2643367462414718, 0.2511815450204922, 0.2272853223994197, 0.2077208438712353, 0.1788181626042464, 0.17500074639802543, 0.18834671811528295, 0.1770189311586574, 0.17981629326592138, 0.18888011641818547, 0.23929735493499177]"
135,"[0.8532155221804876, 0.35042953948867883, 0.3285370965298574, 0.3040812146612242, 0.25277108071106075, 0.2970794595137638, 0.2613291641883648, 0.2013087096207177, 0.1903118253326661, 0.18064568308081858, 0.15555496822103893, 0.1810457159261254, 0.16036098814758162, 0.12306359915180799, 0.13240672201077114, 0.16121885115040813, 0.14670922987345733, 0.10546671305005617, 0.09390274748185226, 0.12158674004312611]"
136,"[0, 0, 0, 0, 0, 0, 0, 0, 0, 0, 0, 0, 0, 0, 0, 0, 0, 0, 0, 0]"
137,"[0.6969495280238579, 0.367839480340654, 0.2566843772922605, 0.3689813800016809, 0.341895145626789, 0.34247527467055794, 0.21849326659436663, 0.21559322045961443, 0.23330324223943444, 0.3236646504097833, 0.19693349644126756, 0.167797866068009, 0.22622016378154822, 0.16586562467942673, 0.15243352831760038, 0.1500865907235816, 0.13290820087870214, 0.14433148263476925, 0.10002081649460784, 0.10243009279520932]"
138,"[0.7993323922677958, 0.6398650794825934, 0.6579875896139253, 0, 0, 0, 0, 0, 0, 0, 0, 0, 0, 0, 0, 0]"
139,"[0.593589140471356, 0.5887500592316781, 0.7121736016693898, 0.3645591544267632, 0.4624783368897196, 0.3249229572069337, 0.4045428092578485, 0.37564623660469515, 0.366774159238728, 0.27761586536062105, 0.2814451444962951, 0.2502446409247838, 0.22479320703446617, 0.1779208370040779, 0.16396602560281454, 0.1502405697620722, 0.18092603805907592, 0.18359043960970967, 0.158181829208997, 0.17645997263470106]"
140,"[0.6839103780319946, 0.4088267517465073, 0.3770183328622286, 0.25352748541912623, 0.24384449810156283, 0.2647892558937899, 0.21617981387989582, 0.23440089125022526, 0.1829888826403997, 0.17228070058867265, 0.15691431925618546, 0.14303943915120731, 0.16392591564667988, 0.14783414093461772, 0.1672622725540484, 0.16456993469277612, 0.12787411992847986, 0.09349157240272646, 0.11722710220728201, 0.1112047987998234]"
141,"[0.7731638943155548, 0.5242036656462428, 0.3706087360759395, 0.33537551003947225, 0.30562276107135034, 0.27849524207942294, 0.21892298454382697, 0.20523560736635482, 0.1473149531875274, 0.09363755875270703, 0.10257617714230574, 0.10174713237762131, 0.085628477679925, 0.08762166429647333, 0.112631592923842, 0.08270896975317868, 0.08001612548262092, 0.07927733972083581, 0.07528615512433107, 0.09622854713002828]"
142,"[0.9021531903108253, 0.30473824256093546, 0.34121834134293816, 0.13569314606014354, 0.13338444812681244, 0.07245508716076306, 0.08181953478237206, 0.11202346898656299, 0.11013369776988267, 0.10731794601213607, 0.061823377067026855, 0.054996572206783056, 0.08046166079960443, 0.05167407221237651, 0.055876531168145324, 0.05497912135790482, 0.05184168886259745, 0.04137079112785603, 0.042758498304484444, 0.049488259749757714]"
143,"[0.664140432802026, 0.7719534263948977, 0.7126143009489891, 0.4637454710992964, 0.34808892886026976, 0.25850678157272844, 0.21313829399009782, 0.1873293699604847, 0.1808419782450806, 0.17254371573616006, 0.18183101593197662, 0.12886693085377887, 0.1354058224314071, 0.1452972564782613, 0.12889801978618326, 0.12845571789862173, 0.1189974365504729, 0.11402149442156519, 0.09973771519285465, 0.09822333342315853]"
144,"[0.7010388485465086, 0.7614679338128151, 0.3445027260283591, 0.4540521876508955, 0.5015917551084027, 0.2914302637477261, 0.228091778848791, 0.23820113633620155, 0.23080877729911625, 0.22018217737682308, 0.19755472735757085, 0.22240658614267705, 0.19365410321592452, 0.19207326156909454, 0.15168512655000352, 0.1358126880318632]"
145,"[0.6900665216507937, 0.5013133338084735, 0.24553844111310646, 0.3248288422476575, 0.37169845348940056, 0.21792894843001653, 0.230931977470072, 0.230569438845716, 0.2303770494621365, 0.17215039799056842, 0.22457194908302147, 0.22803046161450735, 0.194251647596533, 0.21699639366246581, 0.18704650349817284, 0.22063884196463412, 0.14976800637600274, 0.1655443037681347, 0.15903384889544772, 0.16506017578694163]"
146,"[0, 0, 0, 0, 0, 0, 0, 0, 0, 0, 0, 0, 0, 0, 0, 0, 0, 0, 0, 0]"
147,"[0.6857907024676867, 0.6738973094839233, 0.5350994463148726, 0.385023068123597, 0.2526692390556719, 0.2545880034081008, 0.26275113179441834, 0.20763461889081564, 0.1766972562990351, 0.166015989208266, 0.2025059614361529, 0.1643024380385324, 0.15260396550197525, 0.22170154321349234, 0.21236445575547225, 0.20090508902053236, 0.13952236910986757, 0.13882267725973554, 0.12752042689993448, 0.11627713895204843]"
148,"[0.7330429094853399, 0.6156039010637526, 0.5269139372970992, 0.36939771312680036, 0.447098532503554, 0.45038159583535453, 0.3585808961814096, 0.33135348105248874, 0.34016570746558006, 0.333492737977289, 0.2424035059591563, 0.25478086323003934, 0.2002817362929008, 0.231980901811939, 0.19608430529798315, 0.20401862941300047, 0.18206737915222942, 0.20614266420536936, 0.2728130553832024, 0.16826136683881937]"
149,"[0.7255735282016493, 0.6804499447346573, 0.41762838505531835, 0.46058129694292327, 0.4197779945153356, 0.34986119121735815, 0.17474169420515157, 0.21997321237068607, 0.18935901826795642, 0.14241799813086822, 0.14992311848533657, 0.13278305467870363, 0.11761369758542715, 0.1371042643031316, 0.13237296578021793, 0.09549908644867677, 0.10070769017071791, 0.11143584717204275, 0.09366404518586996, 0.08011543641081144]"
150,"[0.8186744227602818, 0.483060559266127, 0.40106718497005, 0.3678180966127953, 0.2370156367109555, 0.251369970297525, 0.2526756088452775, 0.19494801532516512, 0.19487185795321527, 0.22659071315610363, 0.18291586086246409, 0.2424406735131842, 0.20350638667776086, 0.24841856024630257, 0.18201975701789763, 0.13908558763081424, 0.13302889102048862, 0.14321225909546123, 0.15443490945829805, 0.14777353936669096]"
151,"[0.6892574231002984, 0.5057439732091559, 0.3925153353633155, 0.38166629993779877, 0.3459545525958275, 0.3218953335643553, 0.3035047980633058, 0.2801713433868794, 0.278277956713453, 0.26862215249715027, 0.26840146246292385, 0.2545175402269199, 0.19589651010904396, 0.20177917230578304, 0.20085205170043116, 0.18080856615541244, 0.17492989418448476, 0.167501744632657, 0.18380317773228178, 0.17704106338276887]"
152,"[0.7843059677195082, 0.4565741355833942, 0.41639315062286764, 0.36398452852837515, 0.24476911122307, 0.2248830746264943, 0.16759759355243942, 0.2052085123520349, 0.19889383954070003, 0.18029355054485147, 0.16434313011271376, 0.10326222712643424, 0.0954137221569176, 0.1005712629316722, 0.07632864712596042, 0.07597818195030907, 0.08653202860463306, 0.06514434320008411, 0.09489128143852565, 0.09017574265804741]"
153,"[0.7153643705196824, 0.732014374886736, 0.5647283084377582, 0.3217935687529959, 0.4100462881033242, 0.22889717019211958, 0.18268371857216703, 0.17859511606810427, 0.1901187673526828, 0.23601964911329498, 0.16643636371825096, 0.17910491149832655, 0.19074071097685114, 0.1401559200620182, 0.14322029065063527, 0.16840041608712875, 0.1619869161080535, 0.1287749630327561, 0.15176589877124216, 0.13222177334175012]"
154,"[0.8802526660239858, 0.34435393787044694, 0.5426128824034371, 0.316244916376085, 0.2924945247267653, 0.1917447193622497, 0.17602987531432174, 0.15008123968834702, 0.17276752659634123, 0.09912877328887895, 0.11298050019916475, 0.0748457728126507, 0.0805984114486192, 0.06205154003160708, 0.05526606706649203, 0.048589081966800604, 0.039689239924192786]"
155,"[0.5732571430509972, 0.6141057588808534, 0.47163746892717495, 0.565443387080581, 0.5322912835582222, 0.32042261596579574, 0.36480784882076234, 0.2979837405983575, 0.3866622922547115, 0.3340748819401224, 0.42477711066925444, 0.2846862682223232, 0.2969106433548059, 0.36136166965021643, 0.34547593347371697, 0.3111381720664215, 0.26848003002640974, 0.33289771301706306, 0.23794081696470784, 0.22686162970138152]"
156,"[0.8916804608784721, 0.3466383462834107, 0.35719823769123726, 0.2167401704195227, 0.2069875185860169, 0.135668359735584, 0.1297456223326467, 0.18998386435028636, 0.10593867131946447, 0.11832913714574854, 0.07596835164189439, 0.06203983646214334, 0.07070791759547788, 0.10304697755790476, 0.09685816262034536, 0.06655917913797568, 0.08088661995487464, 0.074478068027094, 0.06295695128574788, 0.04594272196185371]"
157,"[0.8745120743724164, 0.5100682281967626, 0.4021774963179479, 0.2909271520786697, 0.22355749589761284, 0.17618490116950944, 0.12003769151963756, 0.13729314166273485, 0.12425470608942296, 0.08764449800473194, 0.12381404969626154, 0.07372257005340908, 0.09743373565587235, 0.07664695149137228, 0.0627942218315514, 0.07530885890622685, 0.06118208810001205, 0.0672118524426443, 0.054633794118173304, 0.06915539791510061]"
158,"[0.7755806636495266, 0.4390810392817342, 0.4013740423215235, 0.26449902626338206, 0.41757223769068796, 0.322443840796485, 0.167395710845355, 0.14677589712797412, 0.1520385305504067, 0.19349074480300868, 0.14967713824837717, 0.1442319448693673, 0.13403445366386713, 0.10174271226039741, 0.12065941971315819, 0.11967902966561962, 0.14113402938904412, 0.14923438336320655, 0.13999978812456512, 0.11136895797415586]"
159,"[0.6773754734239527, 0.5863782563390736, 0.5953751890942108, 0.7094632710452473, 0.5578399239945144, 0.4471067872195946, 0.3829296419857983, 0.37124084024449244, 0.35527328435188354, 0.3746690256978029, 0.27202275526727177, 0.26669431856461134, 0.23610717688444297, 0.24090671365776806, 0.2672512179204136, 0.22434776943117044, 0.26364181854051916, 0.22314583963831788, 0.2795583040129541, 0.2571447615419475]"
160,"[0.6975592802978365, 0.5266832127910945, 0.647431384056441, 0.5334504436112263, 0.6875329086540954, 0.46584142083163904, 0.6028173081291193, 0.3985302445111574, 0.43908169635599165, 0.43564696420920496, 0.35727654230311473, 0.33717696260912045, 0.28023507557684896, 0.25414392000756614, 0.22352824757416934, 0.21533723296259957, 0.21618131662123155, 0.2034020006646829, 0.1838832713649513, 0.17588411104635723]"
161,"[0.7907055269019465, 0.3710241617190841, 0.41594329728002133, 0.3121790085310768, 0.3294426904003125, 0, 0, 0, 0, 0, 0, 0, 0, 0, 0, 0]"
162,"[0.8297173901496706, 0.4995214122000805, 0.21469730102038606, 0.1993509032835169, 0.23600219591606897, 0.17231893000500026, 0.17908804899215852, 0.16144933178047016, 0.19147884265511422, 0.1243712463697288, 0.14638880487132455, 0.19733943895708275, 0.1319335576544041, 0.1245513917291651, 0.15371515026102556, 0.1207183058236534, 0.16097176594531654, 0.09703411114337529, 0.13367516417070016, 0.10439873913850856]"
163,"[0.6423774934524858, 0.6496076347478854, 0.5661242352206454, 0.5531603227409323, 0.4040836181934448, 0.3371724325650005, 0.31324301755727135, 0.4214144392531598, 0.3669967966877279, 0.3450484097351194, 0.3299573652893354, 0.3775908435463465, 0.3269369534851386, 0.3213520545167321, 0.30650076239601665, 0.37439331903222695, 0.35396437457883295, 0.40158464646975883, 0.29994019972442393]"
164,"[0.8987955394616717, 0.4615297070929719, 0.294950277248931, 0.23800835817980912, 0.2715965892235941, 0.261097682774612, 0.2784921486781269, 0.1631126985933336, 0.10440190480049134, 0.11864206157334678, 0.08071758145983762, 0.06504093114769095, 0.06942133697571556, 0.07055966629929748, 0.0743861363243089, 0.08217191631394434, 0.07981245776638386, 0.051545161564397174, 0.05646647578219751, 0.06504461024761111]"
165,"[0.8340004524067806, 0.5058614380028578, 0.3252562229000147, 0.1798179240013792, 0.08609252376636367, 0.1530571022061608, 0.16212314406011014, 0.147469750868745, 0.13838331768659765, 0.1894780557681742, 0.22399560602914764, 0.11742601097508527, 0, 0, 0, 0]"
166,"[0.9525847173919579, 0.21232983683230386, 0.18533230612724794, 0.14955076319291674, 0.07437349927735121, 0.05452981719043046, 0.0660233945467279, 0.04309628085992831, 0.06501477445595612, 0.041696698507962524, 0.0440679630369762, 0.07990675669736068, 0.05933467859510891, 0.06482457024681268, 0.04133052134518938, 0.04495515411450969, 0.04773875383720515, 0.028859307816731346, 0.03135285174274079, 0.035590050870061674]"
167,"[0.8301413498399521, 0.6658861246474821, 0.4378123946075053, 0.1487544826099306, 0.19568632699761002, 0.13149472410533583, 0.16069584729467684, 0.10319143028780164, 0.12444530550455551, 0.13169066545343555, 0.10612139364452615, 0.11103380846760241, 0.09349929379424574, 0.08192942829108449, 0.06141685276916535, 0.053902442869298864, 0.05943770661992409, 0.0659395524346399, 0.05875531187953137, 0.044842918261441586]"
168,"[0.7342573415583733, 0.3415353657350862, 0.39755532681623784, 0.200680858565075, 0.2712041875220781, 0.2270993833807185, 0.23049480592552019, 0.1758629341485838, 0.18911535480464453, 0.2263854664138587, 0.24247992370476712, 0.19450622623840996, 0.20220012159356626, 0.16773997718842104, 0.20522686948013236, 0.18856372813367672, 0.1313494012824897, 0.13896384102843645, 0.14720773544352939, 0.15646161173750106]"
169,"[0.9724351179424057, 0.20270484785104886, 0.18787381100347728, 0.09653254654215832, 0.09463503330698958, 0.14802290281355684, 0.1283467668753024, 0.0937252031086893, 0.08145780385051893, 0.07238917704120049, 0.0750234184860551, 0.0594724358444813, 0.07179698231693332, 0.056838196802972855, 0.06396206772853903, 0.06535905980142885, 0.0377884160539852, 0.038898004900674854, 0.04258482352194666, 0.053246034848867585]"
170,"[0.8725222666877208, 0.301748641971885, 0.30478689916571866, 0.3260352856232217, 0.19642470748471152, 0.1376911865532428, 0.1474049944871415, 0.11086780204501388, 0.11149046642325247, 0.12422710473382015, 0.13095448362540418, 0.08797446578839427, 0.08319517323169062, 0.07538946914695199, 0.0698571064346145, 0.11123764013162629, 0.06922748397744055, 0.06810121708239511, 0.07530560909904699, 0.06784188046091603]"
171,"[0.6436474146154978, 0.45572847581420906, 0.46512352039782423, 0.3003957497055789, 0.34596502725050926, 0.26359975029958477, 0.3294960001196794, 0.2655395381330465, 0.2677509582373462, 0.20500073219595083, 0.19860000107575765, 0.20715854182065888, 0.22701800514933385, 0.23641742446474306, 0.15969082028338902, 0.12843005470639818, 0.12403866206698289, 0.15500467478054603, 0.15739979991248693, 0.11517179082196907]"
172,"[0.8265288858375044, 0.5718651303230393, 0.37750810556110515, 0.3961451798546232, 0.27721591437809723, 0.24095566532113688, 0.28397748340412365, 0.17651722673086456, 0.1617318910808641, 0.20617657787842564, 0.19967279941346336, 0.11557941691638444, 0.1434880251847285, 0.1262809223029137, 0.11252344191520935, 0.13470274533621418, 0.11547774757116641, 0.09005673331064133, 0.12567109576984986, 0.10619507426626416]"
173,"[0.8512482191633124, 0.38534056855617965, 0.5299121934733314, 0.29993067157140707, 0.2804488734007237, 0.28602647376807977, 0.1448122887162283, 0.18250382238126855, 0.1401816728129565, 0.11575591874741392, 0.09962611249780687, 0.15596359242300453, 0.09092464145363485, 0.0913060240645072, 0.07979203733896972, 0.06186683325046233, 0.06896757251765678, 0.061137396328919236, 0.07013520291016818, 0.05785230651863014]"
174,"[0.622290974585822, 0.8464925199524045, 0.3720399283478637, 0.48091716529650563, 0.47505919793393414, 0.3403087634257601, 0.20948117162657584, 0.16028952569817095, 0.18412655377323559, 0.1644975936978432, 0.12746556782803437, 0.11828273052641138, 0.13801640657155725, 0.10423846896573069, 0.09802348721512076, 0.10396849787932219, 0.1001106056811382, 0.09812235775482106, 0.0967011441569847, 0.09818915803850409]"
175,"[0, 0, 0, 0, 0, 0, 0, 0, 0, 0, 0, 0, 0, 0, 0, 0, 0, 0, 0, 0]"
176,"[0.7225450438219762, 0.8224565508882458, 0.32703811277256317, 0.22966589870336412, 0.21346980754652845, 0.14121276753424444, 0.14550164948201363, 0.1441694816106523, 0.20611097740571444, 0.15587620051167658, 0.15281759499965014, 0.17334971849407793, 0.1567815481052945, 0.12589255178863118, 0.11581802756707132, 0.12160688323910324, 0.1062243662143112, 0.07924854986034058, 0.08971889346897906, 0.08363122009734751]"
177,"[0.7024789583011933, 0.5026571259415504, 0.39067320251059645, 0.5289539257316533, 0.2553291970386073, 0.25769806007050633, 0.3074061420202147, 0.30341275555202474, 0.32431134342262485, 0.2711520830284416, 0.13905840547005846, 0.157098398107893, 0.17476063954055887, 0.220266444344065, 0.13261969930474257, 0.13620313451449342, 0.12417369576853737, 0.15193924765484867, 0.1464478354976961, 0.12393883975043421]"
178,"[0.8644411107710297, 0.49041271984476337, 0.4173895259076047, 0.4671485238471904, 0.3388700096225967, 0.37414111534392214, 0, 0, 0, 0, 0, 0, 0, 0, 0, 0]"
179,"[0.8616029646218648, 0.5353579402780834, 0.39583928263647294, 0.15131187165962146, 0.14630425090750654, 0.12114889252149513, 0.09118693837608954, 0.07946244646217676, 0.06452851050167777, 0.062234054034878535, 0.0717475127033876, 0.06633553306024412, 0.06652196192954571, 0.0513980875302781, 0.05152111234864119, 0.0427515890058697, 0.051739829281585735, 0.048247729310066184, 0.04341614500090059, 0.05928540893041942]"
180,"[0, 0, 0, 0, 0, 0, 0, 0, 0, 0, 0, 0, 0, 0, 0, 0, 0, 0, 0, 0]"
181,"[0.8690358729495906, 0.6511845087957626, 0.533124701308845, 0.29512206108923084, 0.2655951580291581, 0.2556640444703299, 0.2270182859731931, 0.2089107650176627, 0.1647087571401975, 0.16750653345469332, 0.15667282848506728, 0.1357969866966529, 0.12399408109148598, 0.12901672431784053, 0.12326800871170904, 0.11470486673027258, 0.11905859713805006, 0.10459905838845833, 0.10792636639402998, 0.11256179714671635]"
182,"[0.6751091683980283, 0.6017703654062021, 0.463312213240893, 0.4022233295227782, 0.3141286461582624, 0.24885980246303896, 0.30251863298148285, 0.27029309348887387, 0.2746458791714418, 0.2831432707998355, 0.22108230798967404, 0.259099695040075, 0.19189456354760254, 0.29047863813329194, 0.15751074548288846, 0.1452185748966297, 0.22439339658325858, 0.22161750270418012, 0.12678532155489539, 0.14647615592306296]"
183,"[0.816928810639413, 0.3526684867553706, 0.24746888317244303, 0.18131668277630944, 0.2627714608335117, 0.16885340738949228, 0.24392733852812098, 0.23531432371562755, 0.23834921488377042, 0.1946289631189345, 0.22906991203976013, 0.1792622664957355, 0.20448279751460208, 0.16464633139386245, 0.11809269724170274, 0.16222558800301626, 0.1418829711631217, 0.10195055546342033, 0.12242743912082621, 0.11175366646898771]"
184,"[0.8265288858375044, 0.5718651303230393, 0.37750810556110515, 0.3961451798546232, 0.27721591437809723, 0.24095566532113688, 0.28397748340412365, 0.17651722673086456, 0.1617318910808641, 0.20617657787842564, 0.19967279941346336, 0.11557941691638444, 0.1434880251847285, 0.1262809223029137, 0.11252344191520935, 0.13470274533621418, 0.11547774757116641, 0.09005673331064133, 0.12567109576984986, 0.10619507426626416]"
185,"[0.9130705941703274, 0.3798991517350619, 0.2251246841309009, 0.3011788112997694, 0.15307254888323446, 0.14816607915907837, 0.20160244537599897, 0.11245813368420947, 0.13032283181860999, 0.12475931160977516, 0.1355241778311894, 0.13940395787230508, 0.11324744171407294, 0.07888949997489246, 0.09037750433148695, 0.08664494392595495, 0.08680395753236153, 0.10660891047835203, 0.10520535445436949, 0.10962463456475005]"
186,"[0.7600810435328405, 0.27462692164969543, 0.2957351556206651, 0.2868590499853399, 0.3601188399715633, 0.24599326340275074, 0.3083963574207785, 0.2600621849607482, 0.23756554995010218, 0.19472773973190027, 0.1665802867634932, 0.12084078710203808, 0.22179952884155518, 0.19475993788845833, 0.13998145131289774, 0.15542985520959102, 0.13398610621513005, 0.15182325097794666, 0.15882870241664104, 0.10323516382964083]"
187,"[0.5639845574529938, 0.6011271813490804, 0.535870861914366, 0.6012919917337838, 0.5462528747055911, 0.5323038932576174, 0.4834928509845283, 0.36163383605640353, 0.3518528374803844, 0.3844927583188307, 0.28749584940035805, 0.28313480749389464, 0.3328574354680261, 0.2602078285509978, 0.2946334372588664, 0.30853805817851737, 0.26378116257992273, 0.2547294237368008, 0.18543902865075235, 0.1779374395058763]"
188,"[0.7790423429999049, 0.5926481813499155, 0.39876366311465433, 0.4329487296294125, 0.3968335289091131, 0.33314634568087675, 0.3362215150214286, 0.341042374450705, 0.2553608574671622, 0.28421152659237486, 0.2714023672851878, 0.25527571623899825, 0.21450701223292193, 0.2571107840736989, 0.184051238007231, 0.19647754270063228, 0.13582427813539208, 0.14559322798009547, 0.14536870201360036, 0.12740360597604053]"
189,"[0.6953978409113631, 0.33068601463024183, 0.3885326076261021, 0.344049330467985, 0.35271805402973866, 0.26698044262163195, 0.2924558329208297, 0.28790080149966235, 0.25210696590773946, 0.23784553482373003, 0.3220669310009085, 0.24628163187971475, 0.28253859021210403, 0.257767411472142, 0.2227196809952563, 0.19675862244544162, 0.2438531531917338, 0.16730599384291414, 0.15518192226631197, 0.1389717590921834]"
190,"[0.6386277219713398, 0.47350409545511146, 0.5166858697764954, 0.33127668326490645, 0.28139072747885213, 0.3385827402864554, 0.22401903087441477, 0.20519923012572147, 0.16092596351709268, 0.1335768361839379, 0.11602917952685454, 0.2010668144761488, 0.16596792636703167, 0.13611988139729356, 0.12535354415792124, 0.11826829006462297, 0.11409589099070741, 0.10525036285956446, 0.1381254791356508, 0.11568512034430253]"
191,"[0.6876110994250229, 0.3275586309145204, 0.2942644245982118, 0.3075941936736507, 0.28666983481344227, 0.25536478110742294, 0.14728873285431937, 0.20081368163343769, 0.19987395590666077, 0.11234283953635008, 0.17839668742682832, 0.12887742276740413, 0.09674227580296457, 0.12075370822709389, 0.061537723405229214, 0.07218691052848995, 0.05599015569475073, 0.07406221959206012, 0.06603666496540156, 0.04538235929716633]"
192,"[0.9097478672090622, 0.35749663452641417, 0.40165429984401985, 0.268611271390116, 0.26876006362526766, 0.23544165945138257, 0.14747643632707003, 0.14609579040355108, 0.15192152499291606, 0.10661568310719063, 0.08305776725393588, 0.07383568107402695, 0.08536492747998475, 0.0678371714159954, 0.06437687591981342, 0.06699719378272119, 0.056093503730079305, 0.057624826155831976, 0.06670140465022271, 0.06947244115013212]"
193,"[0.7150553049561493, 0.5448531467493509, 0.3402368895638102, 0.3790233666381173, 0.40810155297706957, 0.31348873017778756, 0.40486732373038226, 0.2026037788896045, 0.21312144178281753, 0.18050037508540687, 0.18483840939244428, 0.17791707286160502, 0.21352615340679973, 0.17802856801721498, 0.18506448508485948, 0.18058425304724057, 0.17531059021139514, 0.16276495163148597, 0.20192468830760565, 0.17526624404199495]"
194,"[0.6989594833483437, 0.6496062362400297, 0.6559231763498712, 0.4466057812302714, 0.37914436907853416, 0.23608896781789593, 0.2719156415410241, 0.25920690395076457, 0.1901788480066894, 0.20414981052282033, 0.18989665231698113, 0.11922439299442503, 0.1061698612236808, 0.12000494194896863, 0.10420059368722155, 0.12153008850692912, 0.11139994836049498, 0.1023137213631365, 0.11110958701720589, 0.14769863123336807]"
195,"[0.8495540930271168, 0.4496389600912202, 0.3223857598427785, 0.35631080626652356, 0.20327125432825044, 0.157478990500161, 0.13055398612842387, 0.132424387495301, 0.1222300605469893, 0.15115521011688998, 0.09608294033935794, 0.12776026355144976, 0.09218319908471255, 0.10152888240023922, 0.06116094720080465, 0.08249849479398305, 0.08594085958185876, 0.0683984637915801, 0.05271005004085662, 0.06140598851319948]"
196,"[0.6623813006794665, 0.7024206102565558, 0.5598576449503667, 0.4551957451533931, 0.32263251664796044, 0.23375912498001933, 0.24341016899074347, 0.15780531049165425, 0.1714428288638566, 0.18888772747975052, 0.14302571496883051, 0.13715748427958963, 0.16843033652912037, 0.14222215486465922, 0.14413606226742035, 0.13000512397833766, 0.15599627935664523, 0.15909783557798257]"
197,"[0.5628639297424969, 0.6241763971716104, 0.5017312739826298, 0.3332500064126381, 0.3911976947752011, 0.4072290062412852, 0.4545685557039043, 0.44033542016453286, 0.4114418697679686, 0.3838443178929841, 0.3338965833052734, 0.35135988673633006, 0.33923804761247495, 0.34407589463679805, 0.32727183154194944, 0.33999919981320237, 0.39299668682466216, 0.3596918024713276, 0.39371599929340473, 0.37303105181192564]"
198,"[0.9134411896432599, 0.3405356961150151, 0.27634652557770356, 0.21096109069150656, 0.18637746977370215, 0.13311940072801484, 0.08899398714562788, 0.1369649184391148, 0.09361383634293707, 0.10770835145466043, 0.07873132405082889, 0.06489781498630255, 0.11964724828931701, 0.09540861294117756, 0.06747981500423308, 0.06611993231124606, 0.06968276868672346, 0.067600316294689, 0.04684742776583123, 0.06456899463590722]"
199,"[0.8904180921758993, 0.46066581372012794, 0.23000925267813183, 0.2106736704227033, 0.15494330452082952, 0.16157231945338302, 0.09239834488437985, 0.1214472146001983, 0.09739719357980234, 0.07619638707703258, 0.08509813320012072, 0.09255163525371614, 0.08905872330884658, 0.07355182514735442, 0.08383596628809717, 0.08313642257747066, 0.061319977802293146, 0.07043665465576703, 0.06923660696874805, 0.07040212292674201]"
200,"[0.7287013742094797, 0.6567636490172785, 0.38281668087122955, 0.4125045913285129, 0.15415405170021698, 0.11996712607072692, 0.13757195567449765, 0.17040042508257874, 0.1153685881790317, 0.1355404859761824, 0.1494275320123963, 0.09891804652080756, 0.09435343093304428, 0.09955710932120537, 0.10076369330286367, 0.10079289039166792, 0.07611532940414473, 0.07141397122303979, 0.09797604880209346, 0.0976939493384178]"
201,"[0.566643970062666, 0.5766730614500472, 0.4859438143043023, 0.44145529337100675, 0.4601522142484546, 0.461491224865791, 0.39071768740175106, 0.43176337969001033, 0.39635973131985447, 0.33801226073223084, 0.3512519591786192, 0.3741855377938179, 0.2931996557742966, 0.3479303114411189, 0.282324522410057, 0.2470881109964933, 0.24756660249687046, 0.2871650976690202, 0.2890039178991255, 0.27481552133624887]"
202,"[0.8549287561408856, 0.763821706109739, 0.3821340046287144, 0.16605194300314316, 0.17158073564805587, 0.17176982209559644, 0.13033218916222641, 0.12490141585292075, 0.0761653694048087, 0.0652664883181091, 0.1101028527477048, 0.07056577365111605, 0.10160487267640225, 0.062209904526443746, 0.05833366637826111, 0.06952581510761371, 0.0781269293272052, 0.05315041629614317, 0.05718508059128405, 0.0720317088451029]"
203,"[0.8012866098170763, 0.534499464212407, 0.6153771589878496, 0.4125989789731148, 0.36854454609895027, 0.3350988109584543, 0.2848026546231277, 0.19380354243553516, 0.17031815018976953, 0.18997805044117233, 0.19120449524673122, 0.13466772233442362, 0.1365411912832373, 0.12165096387880128, 0.10696045180767001, 0.1084714647482472, 0.1274156539752644, 0.08630535652784471, 0.09910957873958876, 0.09713360012728757]"
204,"[0, 0, 0, 0, 0, 0, 0, 0, 0, 0, 0, 0, 0, 0, 0, 0, 0, 0, 0, 0]"
205,"[0.6915380787300726, 0.4752763731800176, 0.3801688372000265, 0.28759851130275527, 0.24790709025015953, 0.25241647658052985, 0.38498860600168805, 0.22322647806220108, 0.13725219506939101, 0.1375897924642099, 0.16551141373240735, 0.1562718953633324, 0.15634723356643593, 0.13914134996543343, 0.1203094300418871, 0.24359720902594706, 0.13723879850633486, 0.11837128786105748, 0.08827503286718946, 0.11446965693220482]"
206,"[0.839809981335901, 0.3957954772618153, 0.2877839297348403, 0.2717702487708396, 0.23279746986277608, 0.15764463798940018, 0.19852056173843152, 0.18735925989229463, 0.179343795130636, 0.2144026183096035, 0.1642548659486739, 0.1791051363627052, 0.11701218088643264, 0.16191672137469734, 0.1328276003421535, 0.11893983582781675, 0.1275388484749438, 0.13091384156303995, 0.14318160498918786, 0.17142886541613128]"
207,"[0.8885966873353712, 0.3940636170865156, 0.38561226565723783, 0.417007070958345, 0.22612663744393485, 0.23109213679433932, 0.09967993631874078, 0.10734178602704683, 0.13670313153321062, 0, 0, 0, 0, 0, 0, 0]"
208,"[0.6874915247061273, 0.39540033587313783, 0.39976692068397524, 0.33779602459284264, 0.30995671052415874, 0.31225971944626085, 0.36292426363867836, 0.32042224531473995, 0.1886353940630691, 0.24110617039494747, 0.1829948720805526, 0.22320394653650433, 0.20434930415012664, 0.1615784042786887, 0.16247572935466562, 0.15490553998881096, 0.14466095761751632, 0.15787915186685753, 0.14575790140691103, 0.17275781268425552]"
209,"[0.9385632896737082, 0.3724656691935197, 0.20391194668881382, 0.14090068325842464, 0.1955182295076993, 0.0954722535033131, 0.11616283758355173, 0.06847813270873218, 0.059741160913626516, 0.0551166133685769, 0.07220968842625552, 0.06569847431401307, 0.05672002677330491, 0.049489162781203716, 0.03480482394483366, 0.04024564499077547, 0.03402509398389794, 0.0320868637938759, 0.031726055892211655]"
210,"[0.8364261559663515, 0.41151958155515006, 0.25669426591296013, 0.2272206165690529, 0.15074592156848793, 0.19735423603697144, 0.16692381373872894, 0.11599795858361335, 0.16943242255256058, 0.1118342647338869, 0.16872191990629104, 0.14214524262196343, 0.1158519440258401, 0.0935172730198625, 0.09941482876608516, 0.12448654274395449, 0.16115171128243144, 0.08160921741880997, 0.07997114386891899, 0.08321419058997775]"
211,"[0.7073033688312974, 0.6195634124938673, 0.5799168034115119, 0.2295873988528024, 0.19291361067550442, 0.18207208801384095, 0.28666211534788766, 0.20088367316579497, 0.20381110148689163, 0.20441281826464971, 0.21045437138036488, 0.20988403834638308, 0.2140733957516439, 0, 0, 0]"
212,"[0.7472632532263782, 0.38230428031495634, 0.33024098865153884, 0.26289763817744977, 0.16812924034848772, 0.2443427104752339, 0.14341385684727598, 0.15931228525742017, 0.23104505349589138, 0.14813784080039039, 0.1347105951248141, 0.12098330748931371, 0.2215086002575688, 0.12511152350866145, 0.10725948617120985, 0.1323373912952149, 0.09301165654457803, 0.14079275612340708, 0.08723562058512216, 0.10659289127244496]"
213,"[0.8220082053589823, 0.46511137476080544, 0.355028068614499, 0.3020658200801922, 0.19088483199413953, 0.21193638194543557, 0.22808397095303773, 0.24015522206495543, 0.1213398807120579, 0.15599413359821762, 0.11959432329863416, 0.11653424499104886, 0.07778557324062109, 0.08142588830920253, 0.08025580300382848, 0.08753760166168684]"
214,"[0.8690479194992455, 0.519285113018091, 0.27931521835953593, 0.36073571255271886, 0.2363393567735998, 0.1748962574419594, 0.19746291451756828, 0.140638005613668, 0.13699871226610572, 0.15155954778968156, 0.10438748108718701, 0.11009743658086801, 0.09254242375112917, 0.08210736355212418, 0.08350539195356187, 0.06395205555923207, 0.09151098689424442, 0.06936519516965155, 0.0764097860634686, 0.05484396937101088]"
215,"[0.7073033688312974, 0.6195634124938673, 0.5799168034115119, 0.2295873988528024, 0.19291361067550442, 0.18207208801384095, 0.28666211534788766, 0.20088367316579497, 0.20381110148689163, 0.20441281826464971, 0.21045437138036488, 0.20988403834638308, 0.2140733957516439, 0, 0, 0]"
